"`id`","`url`"
"8","https://api.github.com/repos/NUBIC/ncs_navigator_core"
"34","https://api.github.com/repos/github/android"
"63","https://api.github.com/repos/pculture/unisubs"
"118","https://api.github.com/repos/ryanb/cancan"
"127","https://api.github.com/repos/mozilla/addon-sdk"
"142","https://api.github.com/repos/opscode-cookbooks/cron"
"190","https://api.github.com/repos/Netflix/SimianArmy"
"310","https://api.github.com/repos/intridea/grape"
"312","https://api.github.com/repos/Katello/katello"
"340","https://api.github.com/repos/netty/netty"
"343","https://api.github.com/repos/WindowsAzure/azure-sdk-for-java"
"381","https://api.github.com/repos/aeolusproject/imagefactory"
"418","https://api.github.com/repos/sunpy/sunpy"
"427","https://api.github.com/repos/saasbook/hw2_rottenpotatoes"
"474","https://api.github.com/repos/mozilla/mozbase"
"489","https://api.github.com/repos/Shopify/active_merchant"
"587","https://api.github.com/repos/heroku/heroku-buildpack-ruby"
"608","https://api.github.com/repos/errbit/errbit"
"613","https://api.github.com/repos/MovingBlocks/Terasology"
"657","https://api.github.com/repos/spree/spree_reviews"
"687","https://api.github.com/repos/gwu-libraries/launchpad"
"714","https://api.github.com/repos/puppetlabs/puppet-docs"
"750","https://api.github.com/repos/ros/rosdistro"
"772","https://api.github.com/repos/mozilla/socorro"
"774","https://api.github.com/repos/mozilla/Socorro-Tests"
"807","https://api.github.com/repos/openmicroscopy/bioformats"
"810","https://api.github.com/repos/commonsense/metanl"
"847","https://api.github.com/repos/puppetlabs/puppet"
"852","https://api.github.com/repos/engineyard/ey-cloud-recipes"
"853","https://api.github.com/repos/rapid7/metasploit-framework"
"860","https://api.github.com/repos/mozilla/bedrock"
"868","https://api.github.com/repos/pivotal/pivotal_workstation"
"937","https://api.github.com/repos/grails/grails-core"
"961","https://api.github.com/repos/ipython/ipython"
"1005","https://api.github.com/repos/puppetlabs/puppet-acceptance"
"1008","https://api.github.com/repos/zendframework/zf2-documentation"
"1065","https://api.github.com/repos/django-nonrel/djangotoolbox"
"1113","https://api.github.com/repos/travis-ci/travis-core"
"1142","https://api.github.com/repos/saltstack/salt"
"1282","https://api.github.com/repos/Pylons/pyramid"
"1299","https://api.github.com/repos/ooici/coi-services"
"1301","https://api.github.com/repos/heroku/heroku"
"1334","https://api.github.com/repos/rails/rails"
"1404","https://api.github.com/repos/lml/quadbase"
"1523","https://api.github.com/repos/mozilla/marketplace-tests"
"1528","https://api.github.com/repos/spree/spree-guides"
"1642","https://api.github.com/repos/dellcloudedge/barclamp-provisioner"
"1678","https://api.github.com/repos/cucumber/cucumber"
"1799","https://api.github.com/repos/Theano/Theano"
"1957","https://api.github.com/repos/Bukkit/CraftBukkit"
"1958","https://api.github.com/repos/infinispan/infinispan"
"1965","https://api.github.com/repos/cakephp/docs"
"2010","https://api.github.com/repos/dellcloudedge/barclamp-deployer"
"2017","https://api.github.com/repos/dellcloudedge/barclamp-nova"
"2093","https://api.github.com/repos/fog/fog"
"2202","https://api.github.com/repos/litl/rauth"
"2244","https://api.github.com/repos/thoughtbot/factory_girl"
"2247","https://api.github.com/repos/newrelic/rpm"
"2281","https://api.github.com/repos/gradle/gradle"
"2309","https://api.github.com/repos/BroadleafCommerce/DemoSite"
"2315","https://api.github.com/repos/SpoutDev/Spout"
"2532","https://api.github.com/repos/OpenMRS/openmrs-module-htmlformentry"
"2634","https://api.github.com/repos/edgecase/ruby_koans"
"2713","https://api.github.com/repos/openshift/rhc"
"2719","https://api.github.com/repos/mperham/sidekiq"
"2812","https://api.github.com/repos/diaspora/diaspora"
"2863","https://api.github.com/repos/ooici/ion-definitions"
"2888","https://api.github.com/repos/fluent/fluentd"
"2919","https://api.github.com/repos/inviqa/chef-php-extra"
"2938","https://api.github.com/repos/puppetlabs/Razor"
"2980","https://api.github.com/repos/technicalpickles/homesick"
"3083","https://api.github.com/repos/floodlight/floodlight"
"3329","https://api.github.com/repos/opscode-cookbooks/windows"
"3465","https://api.github.com/repos/Netflix/servo"
"3479","https://api.github.com/repos/github/github-services"
"3594","https://api.github.com/repos/droolsjbpm/jbpm"
"3671","https://api.github.com/repos/NoamB/sorcery"
"3680","https://api.github.com/repos/ceylon/ceylon-lang.org"
"3721","https://api.github.com/repos/ceylon/ceylon-spec"
"3732","https://api.github.com/repos/ceylon/ceylon-ide-eclipse"
"3918","https://api.github.com/repos/Yelp/mrjob"
"3923","https://api.github.com/repos/mongodb/docs"
"3932","https://api.github.com/repos/opscode-cookbooks/mysql"
"3944","https://api.github.com/repos/Kozea/WeasyPrint"
"4023","https://api.github.com/repos/allegro/ralph"
"4068","https://api.github.com/repos/jruby/jruby"
"4092","https://api.github.com/repos/stackmob/stackmob-java-client-sdk"
"4095","https://api.github.com/repos/elasticsearch/elasticsearch"
"4114","https://api.github.com/repos/CocoaPods/CocoaPods"
"4179","https://api.github.com/repos/meltmedia/cadmium"
"4477","https://api.github.com/repos/opscode/cookbooks"
"4508","https://api.github.com/repos/hiidef/oauth2app"
"4573","https://api.github.com/repos/infochimps-labs/ironfan"
"4660","https://api.github.com/repos/twitter/twitter-cldr-rb"
"4751","https://api.github.com/repos/Catrobat/Catroid"
"4765","https://api.github.com/repos/bigbluebutton/bigbluebutton"
"4798","https://api.github.com/repos/opscode-cookbooks/apache2"
"4892","https://api.github.com/repos/ceph/run-crowbar-on-sepia"
"4927","https://api.github.com/repos/collectionspace/application"
"5016","https://api.github.com/repos/rails/activeresource"
"5184","https://api.github.com/repos/toastdriven/django-haystack"
"5210","https://api.github.com/repos/square/okhttp"
"5245","https://api.github.com/repos/sferik/twitter"
"5247","https://api.github.com/repos/MIT-Mobile/MIT-Mobile-for-Android"
"5323","https://api.github.com/repos/plataformatec/responders"
"5378","https://api.github.com/repos/Bukkit/Bukkit"
"5400","https://api.github.com/repos/ooici/pyon"
"5444","https://api.github.com/repos/apigee/usergrid-stack"
"5465","https://api.github.com/repos/isenseDev/iSENSE-Hardware"
"5516","https://api.github.com/repos/geoserver/geoserver"
"5520","https://api.github.com/repos/CocoaPods/Specs"
"5591","https://api.github.com/repos/puppetlabs/facter"
"5626","https://api.github.com/repos/sampsyo/beets"
"5640","https://api.github.com/repos/arduino/Arduino"
"5684","https://api.github.com/repos/demandchain/galaxy-client"
"6026","https://api.github.com/repos/gitlabhq/gitlabhq"
"6087","https://api.github.com/repos/ooyala/barkeep"
"6186","https://api.github.com/repos/urbanairship/statshtable"
"6413","https://api.github.com/repos/twitter/commons"
"6570","https://api.github.com/repos/puppetlabs/hiera"
"6584","https://api.github.com/repos/Shopify/liquid"
"6606","https://api.github.com/repos/toastdriven/django-tastypie"
"6648","https://api.github.com/repos/RiotGames/nexus_cli"
"6923","https://api.github.com/repos/rightscale/rightscale_cookbooks"
"6966","https://api.github.com/repos/CeON/CoAnSys"
"6994","https://api.github.com/repos/cucumber/gherkin"
"7058","https://api.github.com/repos/pry/pry"
"7148","https://api.github.com/repos/Netflix/curator"
"7233","https://api.github.com/repos/sunspot/sunspot"
"7347","https://api.github.com/repos/MarkUsProject/Markus"
"7511","https://api.github.com/repos/Sage-Bionetworks/Synapse-Repository-Services"
"7537","https://api.github.com/repos/kivy/kivy"
"7550","https://api.github.com/repos/dreamhost/akanda"
"7559","https://api.github.com/repos/enthought/enaml"
"7575","https://api.github.com/repos/dotcloud/dotcloud-cli"
"7588","https://api.github.com/repos/OpenMDAO/OpenMDAO-Framework"
"7608","https://api.github.com/repos/reddit/reddit"
"7640","https://api.github.com/repos/jfirebaugh/konacha"
"7699","https://api.github.com/repos/mozilla/moztrap"
"7728","https://api.github.com/repos/sonatype/plexus-utils"
"7894","https://api.github.com/repos/RubyMoney/money"
"7933","https://api.github.com/repos/facebook/facebook-android-sdk"
"8006","https://api.github.com/repos/plone/diazo"
"8127","https://api.github.com/repos/matplotlib/matplotlib"
"8131","https://api.github.com/repos/jclouds/jclouds"
"8381","https://api.github.com/repos/nuxeo/nuxeo-core"
"8466","https://api.github.com/repos/puppetlabs/puppetlabs-rabbitmq"
"8612","https://api.github.com/repos/jboss-switchyard/components"
"8703","https://api.github.com/repos/codeforamerica/brigade"
"8778","https://api.github.com/repos/ff0000/red-start"
"9095","https://api.github.com/repos/holderdeord/hdo-site"
"9126","https://api.github.com/repos/racker/rackspace-monitoring"
"9174","https://api.github.com/repos/django-nonrel/mongodb-engine"
"9241","https://api.github.com/repos/tangentlabs/django-oscar"
"9354","https://api.github.com/repos/freenet/fred-staging"
"9391","https://api.github.com/repos/cloudfoundry/oss-docs"
"9427","https://api.github.com/repos/spree/spree"
"9531","https://api.github.com/repos/OpenMRS/openmrs-module-hl7query"
"9615","https://api.github.com/repos/forge/core"
"9793","https://api.github.com/repos/sympy/sympy"
"9807","https://api.github.com/repos/exoplatform/social"
"9819","https://api.github.com/repos/eldarion/pycon"
"9840","https://api.github.com/repos/mongodb/mongo-java-driver"
"10252","https://api.github.com/repos/dimagi/commcare-hq"
"10269","https://api.github.com/repos/eucalyptus/eucalyptus"
"10412","https://api.github.com/repos/intridea/omniauth"
"10617","https://api.github.com/repos/opscode-cookbooks/perl"
"10646","https://api.github.com/repos/opscode-cookbooks/chef-client"
"10657","https://api.github.com/repos/mifos/head"
"10667","https://api.github.com/repos/hasgeek/flask-lastuser"
"10735","https://api.github.com/repos/simplegeo/python-oauth2"
"10773","https://api.github.com/repos/opscode-cookbooks/iis"
"10882","https://api.github.com/repos/pivotal/projectmonitor"
"11108","https://api.github.com/repos/Sage-Bionetworks/Synapse-Stack-Builder"
"11124","https://api.github.com/repos/mbleigh/acts-as-taggable-on"
"11321","https://api.github.com/repos/travis-ci/travis-ci.github.com"
"11326","https://api.github.com/repos/janrain/janrain-backplane-2"
"11379","https://api.github.com/repos/alphagov/smart-answers"
"11602","https://api.github.com/repos/travis-ci/travis-cookbooks"
"11630","https://api.github.com/repos/cloudfoundry/vcap"
"11638","https://api.github.com/repos/rtfd/readthedocs.org"
"11644","https://api.github.com/repos/opscode-cookbooks/rabbitmq"
"11660","https://api.github.com/repos/rails/sass-rails"
"11959","https://api.github.com/repos/rails/strong_parameters"
"12031","https://api.github.com/repos/rubinius/rubinius"
"12106","https://api.github.com/repos/rcbops/chef-cookbooks"
"12132","https://api.github.com/repos/svenfuchs/rails-i18n"
"12258","https://api.github.com/repos/plataformatec/devise"
"12333","https://api.github.com/repos/droolsjbpm/drools"
"12392","https://api.github.com/repos/collective/collective.developermanual"
"12455","https://api.github.com/repos/k9mail/k-9"
"12631","https://api.github.com/repos/kytrinyx/etsy"
"12647","https://api.github.com/repos/rhomobile/rhostudio"
"12666","https://api.github.com/repos/seomoz/qless-py"
"12747","https://api.github.com/repos/gregbell/active_admin"
"12841","https://api.github.com/repos/naparuba/shinken"
"12885","https://api.github.com/repos/sferik/rails_admin"
"13001","https://api.github.com/repos/osmandapp/Osmand"
"13021","https://api.github.com/repos/thoughtbot/suspenders"
"13116","https://api.github.com/repos/dmwm/WMCore"
"13296","https://api.github.com/repos/zsh-users/zsh-completions"
"13573","https://api.github.com/repos/bndtools/bnd"
"13665","https://api.github.com/repos/datamapper/dm-core"
"13718","https://api.github.com/repos/caelum/vraptor"
"13860","https://api.github.com/repos/ruby/ruby"
"13915","https://api.github.com/repos/kevinweil/elephant-bird"
"13998","https://api.github.com/repos/nathanmarz/storm-contrib"
"14363","https://api.github.com/repos/sonatype/nexus"
"14398","https://api.github.com/repos/droolsjbpm/guvnor"
"14901","https://api.github.com/repos/autotest/autotest"
"14915","https://api.github.com/repos/travis-ci/travis-ci"
"15058","https://api.github.com/repos/github/gitscm-next"
"15299","https://api.github.com/repos/travis-ci/travis-boxes"
"15441","https://api.github.com/repos/badgeville/badgeville-ruby"
"15664","https://api.github.com/repos/caktus/django-timepiece"
"15841","https://api.github.com/repos/plataformatec/simple_form"
"15883","https://api.github.com/repos/ciudadanointeligente/candidator"
"15985","https://api.github.com/repos/gem/oq-engine"
"16015","https://api.github.com/repos/SpringSource/grails-data-mapping"
"16060","https://api.github.com/repos/netzpirat/guard-jasmine"
"16166","https://api.github.com/repos/guard/guard"
"16282","https://api.github.com/repos/tablexi/nucore-open"
"16640","https://api.github.com/repos/mozilla-services/mozservices"
"16719","https://api.github.com/repos/BaseXdb/basex"
"16948","https://api.github.com/repos/BroadleafCommerce/BroadleafCommerce"
"17032","https://api.github.com/repos/Silverpeas/Silverpeas-Core"
"17042","https://api.github.com/repos/Silverpeas/Silverpeas-Components"
"17196","https://api.github.com/repos/basho/riak-python-client"
"17307","https://api.github.com/repos/aptana/studio3-rcp"
"17473","https://api.github.com/repos/plone/Products.CMFPlone"
"17589","https://api.github.com/repos/thoughtbot/shoulda-matchers"
"17630","https://api.github.com/repos/puppetlabs/puppetlabs-cloud_provisioner"
"17635","https://api.github.com/repos/isenseDev/rSENSE"
"17735","https://api.github.com/repos/fatfreecrm/fat_free_crm"
"17919","https://api.github.com/repos/spree/spree_i18n"
"18070","https://api.github.com/repos/opdemand/opdemand-cli"
"18116","https://api.github.com/repos/imagej/imglib"
"18159","https://api.github.com/repos/jenkinsci/warnings-plugin"
"18170","https://api.github.com/repos/shoes/shoes4"
"18217","https://api.github.com/repos/mozilla/zamboni"
"18260","https://api.github.com/repos/adhearsion/adhearsion"
"18353","https://api.github.com/repos/aptana/Pydev"
"18578","https://api.github.com/repos/rightscale/right_aws"
"18716","https://api.github.com/repos/rubygems/rubygems"
"19050","https://api.github.com/repos/victorykit/victorykit"
"19070","https://api.github.com/repos/codeforamerica/textizen"
"19117","https://api.github.com/repos/pypa/virtualenv"
"19220","https://api.github.com/repos/mozilla-services/cornice"
"19428","https://api.github.com/repos/mne-tools/mne-python"
"19443","https://api.github.com/repos/puppetlabs/marionette-collective"
"19616","https://api.github.com/repos/thoughtbot/shoulda"
"19746","https://api.github.com/repos/jenkinsci/jenkins.rb"
"19844","https://api.github.com/repos/alphagov/publisher"
"19849","https://api.github.com/repos/nasa/mct"
"20225","https://api.github.com/repos/ging/social_stream"
"20429","https://api.github.com/repos/thoughtbot/paperclip"
"20500","https://api.github.com/repos/mozilla/mcom-tests"
"20700","https://api.github.com/repos/svenfuchs/text-to-squares"
"20768","https://api.github.com/repos/customink/fauxhai"
"20786","https://api.github.com/repos/cloudfoundry/bosh"
"20796","https://api.github.com/repos/hazelcast/hazelcast"
"20849","https://api.github.com/repos/projectblacklight/blacklight"
"21093","https://api.github.com/repos/jruby/activerecord-jdbc-adapter"
"21168","https://api.github.com/repos/opscode/chef-repo"
"21276","https://api.github.com/repos/prawnpdf/prawn"
"21435","https://api.github.com/repos/ops4j/org.ops4j.pax.web"
"21597","https://api.github.com/repos/geotools/geotools"
"21703","https://api.github.com/repos/rightscale/right_link"
"21750","https://api.github.com/repos/nipy/dipy"
"21799","https://api.github.com/repos/ShaastraWebops/Shaastra-2013-Website"
"22016","https://api.github.com/repos/opscode-cookbooks/build-essential"
"22048","https://api.github.com/repos/opscode-cookbooks/couchdb"
"22073","https://api.github.com/repos/opscode-cookbooks/chef_handler"
"22138","https://api.github.com/repos/stapler/stapler"
"22229","https://api.github.com/repos/rafaelfranca/simple_form-bootstrap"
"22588","https://api.github.com/repos/NUBIC/surveyor"
"22616","https://api.github.com/repos/square/retrofit"
"22652","https://api.github.com/repos/plataformatec/has_scope"
"22811","https://api.github.com/repos/opscode/ohai"
"22841","https://api.github.com/repos/tomchristie/django-rest-framework"
"22964","https://api.github.com/repos/typesafehub/config"
"23032","https://api.github.com/repos/rumblelabs/asset_sync"
"23043","https://api.github.com/repos/Netflix/astyanax"
"23052","https://api.github.com/repos/buildbot/buildbot"
"23280","https://api.github.com/repos/opscode-cookbooks/nginx"
"23593","https://api.github.com/repos/radiant/radiant"
"23623","https://api.github.com/repos/opscode/knife-ec2"
"23635","https://api.github.com/repos/postrank-labs/goliath"
"23710","https://api.github.com/repos/rcbops-cookbooks/nova"
"24177","https://api.github.com/repos/agiliq/Django-Socialauth"
"24397","https://api.github.com/repos/github/linguist"
"24423","https://api.github.com/repos/puppetlabs/puppetlabs-stdlib"
"24440","https://api.github.com/repos/mozilla-services/server-syncstorage"
"24575","https://api.github.com/repos/collectionspace/services"
"24664","https://api.github.com/repos/mozilla-services/marteau"
"24761","https://api.github.com/repos/enspiral/loomio"
"24828","https://api.github.com/repos/jboss-switchyard/quickstarts"
"25097","https://api.github.com/repos/plone/plone.app.theming"
"25156","https://api.github.com/repos/alphagov/govuk_content_models"
"25326","https://api.github.com/repos/okfn/ckan"
"25467","https://api.github.com/repos/CloudifySource/cloudify"
"25590","https://api.github.com/repos/wajam/mry"
"25822","https://api.github.com/repos/nltk/nltk"
"26423","https://api.github.com/repos/CONNECT-Solution/CONNECT"
"26591","https://api.github.com/repos/hibernate/hibernate-orm"
"26697","https://api.github.com/repos/mcMMO-Dev/mcMMO"
"26946","https://api.github.com/repos/RiotGames/artifact-cookbook"
"27142","https://api.github.com/repos/pypa/pip"
"27329","https://api.github.com/repos/pydata/pandas"
"27412","https://api.github.com/repos/stackmob/stackmob-customcode-sdk"
"27693","https://api.github.com/repos/thoughtbot/bourbon"
"27859","https://api.github.com/repos/thoughtbot/capybara-webkit"
"27986","https://api.github.com/repos/mozilla/django-browserid"
"28175","https://api.github.com/repos/enthought/chaco"
"28270","https://api.github.com/repos/ooici/epu"
"28304","https://api.github.com/repos/django-extensions/django-extensions"
"28467","https://api.github.com/repos/disqus/gargoyle"
"28802","https://api.github.com/repos/codeforamerica/srtracker"
"28824","https://api.github.com/repos/cloudfoundry/cloud_controller_ng"
"28915","https://api.github.com/repos/collective/collective.weather"
"29408","https://api.github.com/repos/OpenMRS/openmrs-module-xforms"
"29465","https://api.github.com/repos/unepwcmc/SAPI"
"29536","https://api.github.com/repos/szemek/we-can-do-it"
"29576","https://api.github.com/repos/thehackerati/thehackerati.com"
"30178","https://api.github.com/repos/zendesk/zendesk_api_client_rb"
"30491","https://api.github.com/repos/spree/spree_gateway"
"30965","https://api.github.com/repos/hasgeek/hasjob"
"31149","https://api.github.com/repos/makerbot/ReplicatorG"
"31779","https://api.github.com/repos/travis-ci/travis-build"
"31845","https://api.github.com/repos/nuxeo/nuxeo-distribution"
"31975","https://api.github.com/repos/nuxeo/nuxeo-quota"
"31995","https://api.github.com/repos/nuxeo/nuxeo-social-collaboration"
"32076","https://api.github.com/repos/floodlight/oftest"
"32709","https://api.github.com/repos/jenkinsci/xunit-plugin"
"33064","https://api.github.com/repos/RiotGames/cloudera-cookbook"
"33145","https://api.github.com/repos/thoughtbot/clearance"
"33666","https://api.github.com/repos/axsh/wakame-vdc"
"33958","https://api.github.com/repos/pyne/pyne"
"34268","https://api.github.com/repos/cucumber/cucumber-rails"
"34279","https://api.github.com/repos/saltstack/salt-cloud"
"34494","https://api.github.com/repos/isotope11/xrono"
"34627","https://api.github.com/repos/aufdemrand/Denizen"
"34756","https://api.github.com/repos/powertac/server-main"
"34884","https://api.github.com/repos/kickstarter/slave_pools"
"35135","https://api.github.com/repos/stripe/monospace-rails"
"35349","https://api.github.com/repos/lyonrb/biceps"
"35378","https://api.github.com/repos/sensu/sensu-community-plugins"
"35649","https://api.github.com/repos/gatein/gatein-portal"
"35704","https://api.github.com/repos/tinkerpop/blueprints"
"35728","https://api.github.com/repos/cloudfoundry/vcap-tests"
"35737","https://api.github.com/repos/ging/mailboxer"
"35770","https://api.github.com/repos/rubygems/rubygems.org"
"35846","https://api.github.com/repos/JetBrains/kotlin"
"36005","https://api.github.com/repos/airbrake/airbrake"
"36089","https://api.github.com/repos/heroku/heroku-eclipse-plugin"
"37843","https://api.github.com/repos/DSpace/DSpace"
"38823","https://api.github.com/repos/sensu/sensu"
"38896","https://api.github.com/repos/dimagi/logistics"
"39781","https://api.github.com/repos/pbs/resty"
"40080","https://api.github.com/repos/concerto/concerto"
"40120","https://api.github.com/repos/Maescool/Catacomb-Snatch"
"40388","https://api.github.com/repos/andrew/split"
"40428","https://api.github.com/repos/akvo/akvo-rsr"
"40726","https://api.github.com/repos/rack/rack-contrib"
"40759","https://api.github.com/repos/sinatra/sinatra.github.com"
"40833","https://api.github.com/repos/MagLev/maglev"
"40854","https://api.github.com/repos/enonic/cms-ce"
"40910","https://api.github.com/repos/collective/collective.chimpfeed"
"41004","https://api.github.com/repos/thoughtbot/factory_girl_rails"
"41127","https://api.github.com/repos/4teamwork/ftw.book"
"41161","https://api.github.com/repos/4teamwork/izug.ticketbox"
"41180","https://api.github.com/repos/4teamwork/ftw.blog"
"41197","https://api.github.com/repos/4teamwork/ftw.workspace"
"41265","https://api.github.com/repos/trifork/sdm"
"41310","https://api.github.com/repos/ujhelyiz/EMF-IncQuery"
"41339","https://api.github.com/repos/AmanziTel/awe-core"
"41465","https://api.github.com/repos/alphagov/business-support-finder"
"41601","https://api.github.com/repos/societies/SOCIETIES-Platform"
"41728","https://api.github.com/repos/praekelt/vumi"
"41846","https://api.github.com/repos/sriksun/Ivory"
"42018","https://api.github.com/repos/pivotal/jasmine-gem"
"42086","https://api.github.com/repos/opscode-cookbooks/apt"
"42087","https://api.github.com/repos/duckduckgo/zeroclickinfo-fathead"
"42335","https://api.github.com/repos/AIFDR/inasafe"
"42447","https://api.github.com/repos/robworth/patientview"
"42568","https://api.github.com/repos/4teamwork/ftw.upgrade"
"42734","https://api.github.com/repos/nuxeo/nuxeo-features"
"42750","https://api.github.com/repos/alphagov/panopticon"
"42812","https://api.github.com/repos/puppetlabs/puppetlabs-firewall"
"42904","https://api.github.com/repos/forward/capify-ec2"
"42952","https://api.github.com/repos/alphagov/whitehall"
"43173","https://api.github.com/repos/cucumber/aruba"
"43506","https://api.github.com/repos/alphagov/review-o-matic"
"43662","https://api.github.com/repos/easysoa/EasySOA"
"43727","https://api.github.com/repos/ipa320/cob_robots"
"43735","https://api.github.com/repos/intalio/tempo"
"43858","https://api.github.com/repos/eaudeweb/cites-meetings"
"43875","https://api.github.com/repos/xwiki/xwiki-platform"
"44108","https://api.github.com/repos/alphagov/slimmer"
"44265","https://api.github.com/repos/seancribbs/webmachine-ruby"
"44476","https://api.github.com/repos/SUSE/spacewalk-testsuite-base"
"44592","https://api.github.com/repos/coffeescript-cookbook/coffeescript-cookbook.github.com"
"44682","https://api.github.com/repos/mozilla-services/tokenserver"
"44967","https://api.github.com/repos/nuxeo/nuxeo"
"45316","https://api.github.com/repos/openSUSE/open-build-service"
"45348","https://api.github.com/repos/oe-alliance/enigma2-plugins"
"45527","https://api.github.com/repos/dimagi/rapidsms-logistics"
"45614","https://api.github.com/repos/puppetlabs/puppetlabs-apache"
"45658","https://api.github.com/repos/cloudera/hue"
"45947","https://api.github.com/repos/expertiza/expertiza"
"46099","https://api.github.com/repos/codeforamerica/opencounter"
"46214","https://api.github.com/repos/111minutes/111-pod-specs"
"46273","https://api.github.com/repos/jenkinsci/ec2-plugin"
"46660","https://api.github.com/repos/lizardsystem/lizard-wms"
"46754","https://api.github.com/repos/vim-jp/vim-jp.github.com"
"46759","https://api.github.com/repos/A24Group/ssGWT-lib"
"47595","https://api.github.com/repos/okfn/datawrangling"
"48024","https://api.github.com/repos/xwiki/xwiki-commons"
"48168","https://api.github.com/repos/openframeworks/ofSite"
"48706","https://api.github.com/repos/learning-unlimited/ESP-Website"
"48764","https://api.github.com/repos/cucumber/cucumber-jvm"
"48805","https://api.github.com/repos/urbanairship/datacube"
"49127","https://api.github.com/repos/tdiary/tdiary-core"
"49649","https://api.github.com/repos/hasgeek/lastuser"
"49895","https://api.github.com/repos/Catrobat/Paintroid"
"49956","https://api.github.com/repos/opscode/omnibus-chef"
"50113","https://api.github.com/repos/emesene/emesene"
"50585","https://api.github.com/repos/lizardsystem/lizard-damage"
"50901","https://api.github.com/repos/Pylons/substanced"
"51072","https://api.github.com/repos/alphagov/migratorator"
"51151","https://api.github.com/repos/FamilySearch/gedcomx"
"52612","https://api.github.com/repos/Kozea/pygal"
"52701","https://api.github.com/repos/alphagov/plek"
"52978","https://api.github.com/repos/abiquo/abiquo"
"53565","https://api.github.com/repos/mantidproject/systemtests"
"54544","https://api.github.com/repos/evilmartians/liquor"
"54795","https://api.github.com/repos/campaignmonitor/createsend-java"
"54878","https://api.github.com/repos/imagej/imagej-tutorials"
"55010","https://api.github.com/repos/openfisca/openfisca"
"55219","https://api.github.com/repos/JetBrains/intellij-community"
"55521","https://api.github.com/repos/burtcorp/autobahn"
"55719","https://api.github.com/repos/vanschelven/epiwork-website"
"55816","https://api.github.com/repos/collective/collective.quickupload"
"56038","https://api.github.com/repos/Shopify/pixelprinter"
"56043","https://api.github.com/repos/4teamwork/ftw.tabbedview"
"56047","https://api.github.com/repos/itm/testbed-runtime"
"56551","https://api.github.com/repos/imagej/imagej"
"56941","https://api.github.com/repos/alphagov/signonotron2"
"57895","https://api.github.com/repos/CyanogenMod/android_packages_apps_CMWallpapers"
"57932","https://api.github.com/repos/CyanogenMod/android_packages_apps_Torch"
"58364","https://api.github.com/repos/openSUSE/software-o-o"
"58453","https://api.github.com/repos/chb/smart_server"
"58755","https://api.github.com/repos/geosolutions-it/geostore"
"58772","https://api.github.com/repos/plone/buildout.coredev"
"58827","https://api.github.com/repos/alphagov/gds-api-adapters"
"58874","https://api.github.com/repos/appfog/af"
"58896","https://api.github.com/repos/alphagov/govspeak"
"59344","https://api.github.com/repos/travis-ci/travis-hub"
"59350","https://api.github.com/repos/travis-ci/travis-worker"
"59351","https://api.github.com/repos/travis-ci/travis-api"
"59519","https://api.github.com/repos/alphagov/frontend"
"59803","https://api.github.com/repos/plone/plone.app.portlets"
"59874","https://api.github.com/repos/sonatype/sisu-litmus"
"59938","https://api.github.com/repos/eaudeweb/nbsap"
"60101","https://api.github.com/repos/Shopify/shopify_app"
"60891","https://api.github.com/repos/codeforamerica/follow-all"
"61494","https://api.github.com/repos/nuxeo/nuxeo-jsf"
"61798","https://api.github.com/repos/heroku/databasedotcom"
"62103","https://api.github.com/repos/airbnb/zonify"
"62232","https://api.github.com/repos/buddycloud/buddycloud-media-server"
"62373","https://api.github.com/repos/ceylon/ceylon-compiler"
"62852","https://api.github.com/repos/isfit/isfit.org"
"63247","https://api.github.com/repos/agoragames/bnet_scraper"
"63401","https://api.github.com/repos/datasift/datasift-java"
"64212","https://api.github.com/repos/Pylons/colander"
"64317","https://api.github.com/repos/plone/plone.app.users"
"64336","https://api.github.com/repos/hotsh/rstat.us"
"64930","https://api.github.com/repos/okfn/ckanext-demo"
"65187","https://api.github.com/repos/agiliq/merchant"
"65190","https://api.github.com/repos/mysociety/fixmytransport"
"65321","https://api.github.com/repos/tomahawk-player/tomahawk-android"
"65393","https://api.github.com/repos/Connexions/CNXFlashCardsApp"
"65399","https://api.github.com/repos/aeolusproject/conductor"
"65445","https://api.github.com/repos/collective/quintagroup.transmogrifier"
"65747","https://api.github.com/repos/infochimps-labs/ironfan-pantry"
"66014","https://api.github.com/repos/BaseXdb/basex-api"
"66033","https://api.github.com/repos/Pylons/pyramid_cookbook"
"66175","https://api.github.com/repos/mozilla/dxr"
"66190","https://api.github.com/repos/azavea/OpenTreeMap"
"66531","https://api.github.com/repos/dimagi/WBNigeria"
"67190","https://api.github.com/repos/railsbridge/docs"
"67424","https://api.github.com/repos/wordnik/swagger-codegen"
"67522","https://api.github.com/repos/griddynamics/jagger"
"67620","https://api.github.com/repos/mozilla/mozilla-ignite"
"67633","https://api.github.com/repos/mozilla-services/android-sync"
"67640","https://api.github.com/repos/rightscale/right_support"
"67874","https://api.github.com/repos/openmicroscopy/openmicroscopy"
"68102","https://api.github.com/repos/enthought/enstaller"
"68610","https://api.github.com/repos/belaban/JGroups"
"68612","https://api.github.com/repos/powertac/factored-customer"
"68661","https://api.github.com/repos/powertac/household-customer"
"68862","https://api.github.com/repos/collective/collective.contentleadimage"
"69056","https://api.github.com/repos/ff0000/red-fab-deploy"
"69299","https://api.github.com/repos/nuxeo/nuxeo-drive"
"69314","https://api.github.com/repos/plone/plone.app.layout"
"69363","https://api.github.com/repos/seomoz/s3po"
"69792","https://api.github.com/repos/rhomobile/rhomobile-docs"
"69926","https://api.github.com/repos/krux/monitorlib"
"70125","https://api.github.com/repos/innku/innsights-gem"
"70387","https://api.github.com/repos/hasgeek/hasgeek.tv"
"70480","https://api.github.com/repos/Jasig/uPortal"
"70634","https://api.github.com/repos/pentaho/mondrian"
"70769","https://api.github.com/repos/alphagov/rummager"
"70783","https://api.github.com/repos/codeforamerica/adopt-a-hydrant"
"70797","https://api.github.com/repos/mulesoft/s3-connector"
"70816","https://api.github.com/repos/railslove/blood-bank"
"70839","https://api.github.com/repos/mulesoft/salesforce-connector"
"71334","https://api.github.com/repos/ceph/teuthology"
"71374","https://api.github.com/repos/pentaho/data-access"
"71939","https://api.github.com/repos/jenkinsci/cvs-plugin"
"71940","https://api.github.com/repos/MassRelevance/vizr"
"72063","https://api.github.com/repos/splunk/splunk-sdk-java"
"72186","https://api.github.com/repos/g5search/g5engsite"
"72578","https://api.github.com/repos/psu-stewardship/scholarsphere"
"72932","https://api.github.com/repos/rubygems/rubygems-mirror"
"73635","https://api.github.com/repos/digitalgreenorg/dg"
"73683","https://api.github.com/repos/mozilla-services/metlog-hive"
"73747","https://api.github.com/repos/wwagner33/solar"
"74061","https://api.github.com/repos/mozilla/pulsetranslator"
"74063","https://api.github.com/repos/opscode/omnibus-ruby"
"74349","https://api.github.com/repos/ella/ella"
"75058","https://api.github.com/repos/mozilla-services/vaurien"
"75197","https://api.github.com/repos/maxmedia/circuit"
"75274","https://api.github.com/repos/collective/eea.facetednavigation"
"75312","https://api.github.com/repos/mozilla/BrowserID-Tests"
"75619","https://api.github.com/repos/fiji/fiji"
"75812","https://api.github.com/repos/opscode/omnibus-software"
"76547","https://api.github.com/repos/rightscale/right_api_client"
"78275","https://api.github.com/repos/coshx/coshx"
"78393","https://api.github.com/repos/sonatype/sisu-guice"
"78962","https://api.github.com/repos/codeforamerica/honolulu_answers"
"80875","https://api.github.com/repos/plone/buildout.jenkins"
"81325","https://api.github.com/repos/plone/plone.app.discussion"
"81423","https://api.github.com/repos/mozilla-services/docs"
"82124","https://api.github.com/repos/hasgeek/hgapp"
"82195","https://api.github.com/repos/mozilla/Addon-Tests"
"83095","https://api.github.com/repos/opscode/knife-azure"
"83274","https://api.github.com/repos/Alliants/codekata"
"84891","https://api.github.com/repos/flowdock/oulu"
"85998","https://api.github.com/repos/collective/collective.z3cform.datagridfield"
"86192","https://api.github.com/repos/plone/plone.app.contentrules"
"86238","https://api.github.com/repos/alphagov/need-o-tron"
"86589","https://api.github.com/repos/4teamwork/ftw.pdfgenerator"
"86821","https://api.github.com/repos/4teamwork/ftw.task"
"87885","https://api.github.com/repos/chb/smart_client_python"
"88470","https://api.github.com/repos/plone/plone.app.form"
"88803","https://api.github.com/repos/versionone/scripts"
"88971","https://api.github.com/repos/nuxeo/nuxeo-dm"
"89114","https://api.github.com/repos/transifex/transifex-client"
"89211","https://api.github.com/repos/6fusion/adaptor-template"
"89329","https://api.github.com/repos/nuxeo/nuxeo-services"
"89512","https://api.github.com/repos/OpenMRS/openmrs-module-metadatasharing"
"89519","https://api.github.com/repos/mpi2/mpi2_solr"
"89957","https://api.github.com/repos/oerpub/oerpub.rhaptoslabs.html_gdocs2cnxml"
"90407","https://api.github.com/repos/mailru/tarantool-ruby"
"90432","https://api.github.com/repos/ceph/ceph-cookbooks"
"90442","https://api.github.com/repos/collective/dateable.chronos"
"90550","https://api.github.com/repos/nuxeo/nuxeo-rating"
"90565","https://api.github.com/repos/nuxeo/nuxeo-agenda"
"90680","https://api.github.com/repos/thoughtbot/bourne"
"91064","https://api.github.com/repos/rapid7/nexpose-client"
"91199","https://api.github.com/repos/wieden-kennedy/autoscalebot"
"91668","https://api.github.com/repos/itm/wsn-device-drivers"
"91762","https://api.github.com/repos/uDig/udig-platform"
"91844","https://api.github.com/repos/mozilla/trunion"
"92010","https://api.github.com/repos/sot/eng_archive"
"92535","https://api.github.com/repos/molgenis/molgenis"
"93314","https://api.github.com/repos/dimagi/formtranslate"
"93992","https://api.github.com/repos/PagerDuty/state-history-validator"
"94297","https://api.github.com/repos/opscode-cookbooks/yum"
"94375","https://api.github.com/repos/sonatype/nexus-maven-plugins"
"95180","https://api.github.com/repos/rcbops-cookbooks/horizon"
"95329","https://api.github.com/repos/plasmodic/ecto"
"96148","https://api.github.com/repos/howaboutwe/redness"
"96286","https://api.github.com/repos/Mixbook/tagtical"
"97464","https://api.github.com/repos/mongodb/docs-ecosystem"
"100052","https://api.github.com/repos/Kozea/Pynuts"
"102437","https://api.github.com/repos/plone/plone.app.controlpanel"
"102997","https://api.github.com/repos/agiliq/django-design-patterns"
"103429","https://api.github.com/repos/makinacorpus/spynner"
"103508","https://api.github.com/repos/HUSACCT/HUSACCT"
"103713","https://api.github.com/repos/sonian/elasticsearch-jetty"
"104697","https://api.github.com/repos/xwiki/xwiki-enterprise"
"105474","https://api.github.com/repos/buildbot/metabbotcfg"
"105762","https://api.github.com/repos/akvo/akvo-flow"
"106900","https://api.github.com/repos/plone/plone.testing"
"106938","https://api.github.com/repos/plone/plone.stringinterp"
"107034","https://api.github.com/repos/plone/plone.outputfilters"
"107052","https://api.github.com/repos/plone/plone.app.iterate"
"107290","https://api.github.com/repos/alethiophile/KBDH-VN"
"107349","https://api.github.com/repos/plone/plone.recipe.zope2instance"
"107759","https://api.github.com/repos/jenkinsci/envinject-plugin"
"107842","https://api.github.com/repos/valotrading/stirling"
"107969","https://api.github.com/repos/jenkinsci/jclouds-plugin"
"110607","https://api.github.com/repos/plone/plone.api"
"110998","https://api.github.com/repos/casper-astro/tutorials_devel"
"111425","https://api.github.com/repos/r888888888/danbooru"
"112751","https://api.github.com/repos/rails/sprockets-rails"
"113230","https://api.github.com/repos/mattwynne/raffle"
"114424","https://api.github.com/repos/fcrepo/fcrepo"
"114529","https://api.github.com/repos/oerpub/oerpub.rhaptoslabs.swordpushweb-buildout"
"114675","https://api.github.com/repos/ScrappyAcademy/store_engine"
"114990","https://api.github.com/repos/collective/collective.generic.skel"
"115228","https://api.github.com/repos/Qi4j/qi4j-sdk"
"115565","https://api.github.com/repos/plone/plone.app.registry"
"116058","https://api.github.com/repos/thoughtbot/flutie"
"116115","https://api.github.com/repos/plone/plone.app.multilingual"
"117362","https://api.github.com/repos/Pylons/waitress"
"118213","https://api.github.com/repos/wordnik/wordnik-oss"
"118297","https://api.github.com/repos/E2OpenPlugins/e2openplugin-Foreca"
"118301","https://api.github.com/repos/railsgirls/railsgirls.github.com"
"118430","https://api.github.com/repos/opscode-cookbooks/passenger_apache2"
"118823","https://api.github.com/repos/Shopify/wolverine"
"118871","https://api.github.com/repos/site5/pg_global_search"
"118997","https://api.github.com/repos/collective/collective.elections"
"119078","https://api.github.com/repos/collectiveidea/tinder"
"119313","https://api.github.com/repos/caktus/rapidsms-twilio"
"120232","https://api.github.com/repos/droolsjbpm/droolsjbpm-integration"
"121195","https://api.github.com/repos/biom-format/biom-format"
"123437","https://api.github.com/repos/saltstack/salt-contrib"
"123745","https://api.github.com/repos/jenkinsci/promoted-builds-plugin"
"123803","https://api.github.com/repos/braintree/curator"
"123858","https://api.github.com/repos/dannycastonguay/smartcoops"
"124389","https://api.github.com/repos/iron-io/heroku_sinatra_example"
"125032","https://api.github.com/repos/plone/Products.Archetypes"
"125250","https://api.github.com/repos/axsh/isono"
"125357","https://api.github.com/repos/DawnScience/dawn-common"
"125612","https://api.github.com/repos/4teamwork/ftw.dashboard.dragndrop"
"125673","https://api.github.com/repos/lizardsystem/lizard-map"
"126388","https://api.github.com/repos/fusesource/stompjms"
"126426","https://api.github.com/repos/sendagayarb/mokmok"
"126795","https://api.github.com/repos/HiSPARC/publicdb"
"126854","https://api.github.com/repos/digital-science/baton"
"126912","https://api.github.com/repos/Connexions/oer.exports"
"127408","https://api.github.com/repos/box/box-android-sdk"
"127514","https://api.github.com/repos/sonatype/nexus-capabilities-plugin"
"127863","https://api.github.com/repos/alphagov/planner"
"128005","https://api.github.com/repos/Talend/tesb-rt-se"
"128030","https://api.github.com/repos/lincolnloop/django-salmonella"
"128079","https://api.github.com/repos/eestec/eestec.portal"
"128476","https://api.github.com/repos/alphagov/imminence"
"128749","https://api.github.com/repos/mozilla/mozmill-ci"
"128840","https://api.github.com/repos/gocardless/gocardless-python"
"129095","https://api.github.com/repos/opscode-cookbooks/openldap"
"129447","https://api.github.com/repos/jenkinsci/buildresult-trigger-plugin"
"129879","https://api.github.com/repos/collective/collective.azindexpage"
"130459","https://api.github.com/repos/rightscale/right_rackspace"
"131027","https://api.github.com/repos/collective/collective.polls"
"131406","https://api.github.com/repos/stackmob/stackmob-android-starter"
"132014","https://api.github.com/repos/12spokes/tandem"
"132240","https://api.github.com/repos/ktt-ol/serial-barcode-scanner"
"132265","https://api.github.com/repos/12spokes/tandem-demo"
"132590","https://api.github.com/repos/ooici/marine-integrations"
"133495","https://api.github.com/repos/bignerdranch/AndroidCourseResources"
"134768","https://api.github.com/repos/conversation/babushka-deps"
"135818","https://api.github.com/repos/unicefuganda/rapidsms-ureport"
"136220","https://api.github.com/repos/Praqma/ClearCaseUCMPlugin"
"136544","https://api.github.com/repos/mysociety/foi-register"
"136846","https://api.github.com/repos/nuxeo/nuxeo-marketplace-sample"
"137469","https://api.github.com/repos/FallenMoonNetwork/CanaryRecode"
"137510","https://api.github.com/repos/opscode-cookbooks/database"
"137758","https://api.github.com/repos/FallenMoonNetwork/CanaryLib"
"138238","https://api.github.com/repos/bcdev/beam"
"139447","https://api.github.com/repos/sonatype/nexus-ant-tasks"
"139475","https://api.github.com/repos/wellnessfx/acts_presentably"
"139558","https://api.github.com/repos/jenkinsci/github-plugin"
"139679","https://api.github.com/repos/lizardsystem/lizard-screenshotter"
"140309","https://api.github.com/repos/lizardsystem/lizard-fewsjdbc"
"140647","https://api.github.com/repos/4teamwork/ftw.poodle"
"140963","https://api.github.com/repos/Livefyre/py-livefyre-client"
"141140","https://api.github.com/repos/mindsnacks/Zinc"
"141237","https://api.github.com/repos/Tivix/django-cron"
"141345","https://api.github.com/repos/torchbox/vagrant-django-template"
"141358","https://api.github.com/repos/4teamwork/ftw.table"
"141940","https://api.github.com/repos/opscode-cookbooks/ufw"
"142121","https://api.github.com/repos/pophealth/quality-measure-engine"
"142225","https://api.github.com/repos/xebialabs/community-plugins"
"142238","https://api.github.com/repos/BroadleafCommerce/blc-authorizenet"
"142524","https://api.github.com/repos/rightscale/global_session"
"142564","https://api.github.com/repos/jenkinsci/perforce-plugin"
"143818","https://api.github.com/repos/mozilla-services/metlog-py"
"144230","https://api.github.com/repos/enStratus/documentation"
"144429","https://api.github.com/repos/OpenMRS/openmrs-module-reporting"
"145091","https://api.github.com/repos/plone/archetypes.referencebrowserwidget"
"145553","https://api.github.com/repos/RiotGames/not_system_ruby_cookbook"
"145822","https://api.github.com/repos/mysociety/mapit"
"146731","https://api.github.com/repos/flite/cach3"
"146799","https://api.github.com/repos/plone/plonetheme.sunburst"
"146900","https://api.github.com/repos/infochimps-labs/vayacondios"
"146912","https://api.github.com/repos/collective/collective.disqus"
"147172","https://api.github.com/repos/recurly/recurly-client-ruby"
"147408","https://api.github.com/repos/academia-edu/what"
"147808","https://api.github.com/repos/Identified/jiffy_enums"
"150631","https://api.github.com/repos/opower/connection_pool_scaffold"
"151875","https://api.github.com/repos/agoragames/activity_feed"
"152025","https://api.github.com/repos/geosolutions-it/geoserver-manager"
"152424","https://api.github.com/repos/4teamwork/ftw.favorite"
"152604","https://api.github.com/repos/pbs/pycaption"
"152649","https://api.github.com/repos/Ilastik/volumina"
"152861","https://api.github.com/repos/plone/plone.dexterity"
"152865","https://api.github.com/repos/plone/plone.app.stagingbehavior"
"152921","https://api.github.com/repos/plone/plone.app.dexterity"
"153007","https://api.github.com/repos/neopoly/simple_assertions"
"153093","https://api.github.com/repos/mapbox/mbutil"
"153944","https://api.github.com/repos/webdetails/cpf"
"154208","https://api.github.com/repos/alphagov/licence-finder"
"154882","https://api.github.com/repos/isfit/internal.isfit.org"
"155381","https://api.github.com/repos/zynga/jasy"
"155512","https://api.github.com/repos/thoughtbot/kumade"
"155751","https://api.github.com/repos/ranguba/rroonga"
"155958","https://api.github.com/repos/collective/collective.localrolesdatatables"
"156045","https://api.github.com/repos/sonatype/spice-zapper"
"156467","https://api.github.com/repos/rightscale/right_agent"
"157406","https://api.github.com/repos/bendyworks/bwoken"
"157546","https://api.github.com/repos/SublimeText/Origami"
"158057","https://api.github.com/repos/data-axle/cassandra_object"
"158212","https://api.github.com/repos/engineyard/engineyard-serverside"
"159178","https://api.github.com/repos/Jasig/sass-maven-plugin"
"159350","https://api.github.com/repos/forcedotcom/dataloader"
"159975","https://api.github.com/repos/hybridgroup/taskmapper-kanbanpad"
"160328","https://api.github.com/repos/splunk/splunk-app-twitter"
"160704","https://api.github.com/repos/inviqa/chef-varnish"
"160896","https://api.github.com/repos/collective/icalendar"
"161036","https://api.github.com/repos/thoughtbot/neat"
"161254","https://api.github.com/repos/collective/collective.cover"
"161627","https://api.github.com/repos/NUBIC/ncs_navigator_deployment"
"161638","https://api.github.com/repos/optoro/amazon_seller_central"
"161684","https://api.github.com/repos/plone/plone.app.querystring"
"162259","https://api.github.com/repos/bazaarvoice/bv-android-sdk"
"162451","https://api.github.com/repos/tstmedia/ical_importer"
"162539","https://api.github.com/repos/rosedu/wouso"
"163853","https://api.github.com/repos/novoda/SQLiteProvider"
"164170","https://api.github.com/repos/socialcast/socialcast-command-line"
"164194","https://api.github.com/repos/heroku/heroku.jar"
"164325","https://api.github.com/repos/aol/trigger"
"165427","https://api.github.com/repos/sot/xija"
"165517","https://api.github.com/repos/agoragames/amico"
"165640","https://api.github.com/repos/concentricsky/django-basic-models"
"167396","https://api.github.com/repos/tstmedia/typhoid"
"167666","https://api.github.com/repos/opscode-cookbooks/openssh"
"167915","https://api.github.com/repos/gem/oq-ui-geoserver"
"168215","https://api.github.com/repos/plone/plone.app.contenttypes"
"168761","https://api.github.com/repos/pusher/pusher-gem"
"168861","https://api.github.com/repos/hhru/nuts-and-bolts"
"168886","https://api.github.com/repos/lizardsystem/flooding-lib"
"169041","https://api.github.com/repos/travis-ci/travis-weblint"
"169122","https://api.github.com/repos/puppetlabs/puppetlabs-f5"
"169125","https://api.github.com/repos/sonatype/sisu-task-scheduler"
"169186","https://api.github.com/repos/rodreegez/powder"
"169251","https://api.github.com/repos/mozilla/PyVEP"
"169719","https://api.github.com/repos/seomoz/downpour"
"169847","https://api.github.com/repos/rubygems/guides"
"169932","https://api.github.com/repos/racker/rackspace-monitoring-cli"
"170224","https://api.github.com/repos/live-community/maws"
"170264","https://api.github.com/repos/mozilla/configman"
"170270","https://api.github.com/repos/mozilla/firefox-flicks"
"170425","https://api.github.com/repos/enthought/encore"
"170434","https://api.github.com/repos/mozilla/appsync"
"172825","https://api.github.com/repos/alphagov/trade-tariff-backend"
"173207","https://api.github.com/repos/mozilla/sumo-tests"
"177545","https://api.github.com/repos/mhs/tidbits"
"178035","https://api.github.com/repos/abiquo/commons-amqp"
"184142","https://api.github.com/repos/jenkinsci/mercurial-plugin"
"185366","https://api.github.com/repos/alphagov/smokey"
"187196","https://api.github.com/repos/plone/plone.app.search"
"188939","https://api.github.com/repos/Slowpoke101/FTBLaunch"
"189752","https://api.github.com/repos/otherinbox/muddle"
"190783","https://api.github.com/repos/alphagov/trade-tariff-frontend"
"191064","https://api.github.com/repos/plataformatec/show_for"
"192534","https://api.github.com/repos/Pylons/deform"
"193366","https://api.github.com/repos/change/subrails"
"194359","https://api.github.com/repos/gem/nrml"
"194877","https://api.github.com/repos/knowing/Medmon"
"195656","https://api.github.com/repos/bcdev/ceres"
"196147","https://api.github.com/repos/projecthydra/hydra-head"
"197275","https://api.github.com/repos/jenkinsci/mailer-plugin"
"198021","https://api.github.com/repos/Kozea/Multicorn"
"198973","https://api.github.com/repos/hybridgroup/taskmapper-github"
"201224","https://api.github.com/repos/enthought/traitsui"
"202365","https://api.github.com/repos/thoughtbot/appraisal"
"203397","https://api.github.com/repos/mozilla/briar-patch"
"204403","https://api.github.com/repos/mysociety/whatdotheyknow-theme"
"204652","https://api.github.com/repos/sonatype/nexus-migration-plugin"
"206096","https://api.github.com/repos/recurly/recurly-client-python"
"208082","https://api.github.com/repos/Connexions/rhaptos2.common"
"208145","https://api.github.com/repos/seomoz/reppy"
"209250","https://api.github.com/repos/mozilla/mozillians-tests"
"210480","https://api.github.com/repos/ARAMISAUTO/aramis-build-toolkit"
"210512","https://api.github.com/repos/cookpad/chanko"
"211549","https://api.github.com/repos/Freeseer/freeseer"
"212755","https://api.github.com/repos/okfn/sqlaload"
"213686","https://api.github.com/repos/zilkey/active_hash"
"213856","https://api.github.com/repos/iFixit/git-scripts"
"215686","https://api.github.com/repos/mmoMinecraftDev/mmoChat"
"215715","https://api.github.com/repos/mmoMinecraftDev/mmoCore"
"216699","https://api.github.com/repos/sonatype/http-testing-harness"
"218083","https://api.github.com/repos/pm4j/org.pm4j"
"219631","https://api.github.com/repos/jenkinsci/integrity-plugin"
"220422","https://api.github.com/repos/nixme/warble"
"221033","https://api.github.com/repos/zenoss/ZenPacks.zenoss.CloudStack"
"223316","https://api.github.com/repos/lonelyplanet/fozzie"
"223846","https://api.github.com/repos/enthought/pyface"
"227912","https://api.github.com/repos/travis-ci/travis-lint"
"230023","https://api.github.com/repos/Connexions/rhaptos.cnxmlutils"
"230938","https://api.github.com/repos/jenkinsci/analysis-core-plugin"
"230968","https://api.github.com/repos/ros/genpy"
"231370","https://api.github.com/repos/mozilla/moztrap-tests"
"232051","https://api.github.com/repos/mozilla/webdev-bootcamp"
"232705","https://api.github.com/repos/opscode/knife-windows"
"232818","https://api.github.com/repos/rightscale/right_amqp"
"234252","https://api.github.com/repos/mozilla/PyBrowserID"
"234674","https://api.github.com/repos/plone/plone.app.upgrade"
"235039","https://api.github.com/repos/BlueKai/bluekai_middleware"
"238449","https://api.github.com/repos/gem/oq-eqcatalogue-tool"
"239066","https://api.github.com/repos/zendesk/ticket_sharing"
"241678","https://api.github.com/repos/id774/automaticruby"
"242675","https://api.github.com/repos/xebia/Xebium"
"246637","https://api.github.com/repos/mozilla/socorro-crashstats"
"246667","https://api.github.com/repos/esminc/tapp"
"247032","https://api.github.com/repos/metsci/glimpse"
"252194","https://api.github.com/repos/jubatus/jubatus-java-client"
"252680","https://api.github.com/repos/aerogear/aerogear-android"
"254955","https://api.github.com/repos/jubatus/jubatus-ruby-client"
"256086","https://api.github.com/repos/bitcoin/bitcoin.org"
"257425","https://api.github.com/repos/inviqa/chef-magento"
"260518","https://api.github.com/repos/Adaptly/adaptly_pi"
"261032","https://api.github.com/repos/infospace/colonial_raptor"
"261125","https://api.github.com/repos/CocoaPods/Xcodeproj"
"261531","https://api.github.com/repos/pbs/importtools"
"263895","https://api.github.com/repos/frenetic-lang/slices"
"265303","https://api.github.com/repos/FamilySearch/gedcomx-rs"
"266617","https://api.github.com/repos/sonatype/nexus-p2-repository-plugin"
"268561","https://api.github.com/repos/opscode-cookbooks/subversion"
"269532","https://api.github.com/repos/plone/plone.app.collection"
"270016","https://api.github.com/repos/leonardofl/radar_parlamentar"
"270784","https://api.github.com/repos/travis-ci/travis-support"
"274828","https://api.github.com/repos/FutureAdvisor/console_util"
"274836","https://api.github.com/repos/jenkinsci/email-ext-plugin"
"275789","https://api.github.com/repos/plone/planet.plone.org"
"276197","https://api.github.com/repos/cloudmine/cloudmine-android"
"277125","https://api.github.com/repos/redu/redu.github.com"
"281872","https://api.github.com/repos/plone/Products.PloneOrg"
"285318","https://api.github.com/repos/nature/foreman-export-nature"
"285528","https://api.github.com/repos/plone/plone.formwidget.multifile"
"285763","https://api.github.com/repos/tillnagel/unfolding"
"285905","https://api.github.com/repos/fac/ki_youtrack"
"287423","https://api.github.com/repos/ygt/gmaps-coordinates-helper"
"287617","https://api.github.com/repos/sonatype/sisu-velocity"
"288440","https://api.github.com/repos/alphagov/EFG"
"288738","https://api.github.com/repos/Connexions/bamboo"
"289481","https://api.github.com/repos/abztrakt/git-practice"
"289533","https://api.github.com/repos/RedTurtle/collective.perseo"
"289935","https://api.github.com/repos/mkovatsc/Californium"
"291665","https://api.github.com/repos/fac/ki_pivotal"
"292891","https://api.github.com/repos/alphagov/design-principles"
"293725","https://api.github.com/repos/azavea/python-omgeo"
"294678","https://api.github.com/repos/4teamwork/ftw.notification.base"
"295815","https://api.github.com/repos/dimagi/casexml"
"295915","https://api.github.com/repos/plone/plone.app.async"
"296456","https://api.github.com/repos/YellLabs/playmodutils"
"296788","https://api.github.com/repos/rightscale/right_http_connection"
"298346","https://api.github.com/repos/Kunstmaan/kStrano"
"298870","https://api.github.com/repos/yola/sentry"
"301065","https://api.github.com/repos/discoverygarden/IslandoraPYUtils"
"302389","https://api.github.com/repos/hasgeek/coaster"
"302528","https://api.github.com/repos/gina-alaska/feeder"
"306638","https://api.github.com/repos/dimagi/dimagi-utils"
"306987","https://api.github.com/repos/iron-io/iron_cache_ruby"
"307422","https://api.github.com/repos/droolsjbpm/jbpm-console-ng"
"308105","https://api.github.com/repos/Jasig/email-preview"
"309217","https://api.github.com/repos/plone/plone.app.relationfield"
"309466","https://api.github.com/repos/opscode/bento"
"309847","https://api.github.com/repos/threerings/tripleplay"
"310505","https://api.github.com/repos/collective/collective.nitf"
"313109","https://api.github.com/repos/sonatype/sisu-goodies"
"313546","https://api.github.com/repos/mozilla-services/logstash-metlog"
"314730","https://api.github.com/repos/PagerDuty/pd-cap-recipes"
"318279","https://api.github.com/repos/fac/ki_middleman"
"318654","https://api.github.com/repos/lizardsystem/lizard-maptree"
"321791","https://api.github.com/repos/lonelyplanet/crazy_harry"
"322279","https://api.github.com/repos/wf4ever/ro-manager"
"322390","https://api.github.com/repos/plone/plone.app.workflow"
"322949","https://api.github.com/repos/opscode-cookbooks/firewall"
"323800","https://api.github.com/repos/zweitag/glow"
"326632","https://api.github.com/repos/omaciel/robottelo"
"328167","https://api.github.com/repos/4teamwork/ftw.geo"
"329151","https://api.github.com/repos/ticketevolution/ticketevolution-ruby"
"331002","https://api.github.com/repos/janfaessler/FHNW-Informatik-Zusammenfassungen"
"333080","https://api.github.com/repos/Raizlabs/RZAndroidBaseUtils"
"333382","https://api.github.com/repos/Raizlabs/RZAndroidWebServiceManager"
"333400","https://api.github.com/repos/jclouds/jclouds-examples"
"333984","https://api.github.com/repos/alphagov/gds-sso"
"335654","https://api.github.com/repos/zencoder/zencoder-rb"
"339890","https://api.github.com/repos/bazaarvoice/commons-data-model"
"341640","https://api.github.com/repos/bazaarvoice/commons-data-dao"
"344679","https://api.github.com/repos/plone/Products.ATContentTypes"
"344864","https://api.github.com/repos/plone/Products.PasswordResetTool"
"344973","https://api.github.com/repos/plone/plone.app.z3cform"
"345020","https://api.github.com/repos/plone/plone.app.textfield"
"345244","https://api.github.com/repos/plone/plone.app.imaging"
"345300","https://api.github.com/repos/plone/Products.PlonePAS"
"347655","https://api.github.com/repos/acm-uiuc/liquid"
"348515","https://api.github.com/repos/rhomobile/rhoconnect-adapters"
"349149","https://api.github.com/repos/change/list_master"
"351460","https://api.github.com/repos/gem/openquake-packages"
"352091","https://api.github.com/repos/yola/graphite"
"352480","https://api.github.com/repos/heroku/heroku-deploy"
"352633","https://api.github.com/repos/rapid7/metasploit_data_models"
"352799","https://api.github.com/repos/alphagov/calendars"
"353083","https://api.github.com/repos/fenix-framework/fenix-framework"
"353500","https://api.github.com/repos/collective/collective.jsonify"
"356033","https://api.github.com/repos/mojolingo/Telephony-Dev-Box"
"357450","https://api.github.com/repos/ceph/ceph-qa-chef"
"359432","https://api.github.com/repos/ooici/coverage-model"
"360982","https://api.github.com/repos/mozilla-services/server-aitc"
"361214","https://api.github.com/repos/phoet/on_ruby"
"366532","https://api.github.com/repos/coshx/green-eggs"
"371533","https://api.github.com/repos/SlashRoot/WHAT"
"373241","https://api.github.com/repos/feedhenry/fh-android-sdk"
"373783","https://api.github.com/repos/collective/templer.core"
"374122","https://api.github.com/repos/ops4j/org.ops4j.pax.wicket"
"375331","https://api.github.com/repos/unboxed/tabnav"
"375574","https://api.github.com/repos/openengsb/openengsb-root"
"375633","https://api.github.com/repos/sonatype/nexus-p2-bridge-plugin"
"375974","https://api.github.com/repos/4teamwork/ftw.dashboard.portlets.recentlymodified"
"380886","https://api.github.com/repos/mulesoft/dropbox-connector"
"386840","https://api.github.com/repos/engineyard/engineyard-serverside-adapter"
"387161","https://api.github.com/repos/collective/collective.newsflash"
"387947","https://api.github.com/repos/plone/plone.app.referenceablebehavior"
"391856","https://api.github.com/repos/att-innovate/omniauth-att"
"394429","https://api.github.com/repos/sprout/cloudfactory_ruby"
"394661","https://api.github.com/repos/devbliss/apitester"
"395882","https://api.github.com/repos/bebanjo/almodovar"
"396751","https://api.github.com/repos/psylock/Diaketas-Manage"
"400044","https://api.github.com/repos/Freeseer/freeseer-docs"
"400585","https://api.github.com/repos/xebia-france/xebia-cloudcomputing-extras"
"400833","https://api.github.com/repos/collective/collective.loremipsum"
"401284","https://api.github.com/repos/mysociety/theyworkforyou"
"402728","https://api.github.com/repos/zendesk/active_record_host_pool"
"404399","https://api.github.com/repos/globaldev/octarine"
"407274","https://api.github.com/repos/ros/catkin"
"412916","https://api.github.com/repos/skrill/holoserve"
"414516","https://api.github.com/repos/bristleback/bristleback"
"417964","https://api.github.com/repos/HiSPARC/station-software"
"418207","https://api.github.com/repos/jenkinsci/dashboard-view-plugin"
"421417","https://api.github.com/repos/jcb/CSIRL"
"426176","https://api.github.com/repos/collective/buildout.bootstrap"
"426605","https://api.github.com/repos/mozilla-services/metlog-raven"
"426988","https://api.github.com/repos/ArcBees/ArcBees-Infrastructure"
"429684","https://api.github.com/repos/OpenMultimedia/openmultimedia.api"
"430764","https://api.github.com/repos/VolumetricPixels/MCSquared"
"432888","https://api.github.com/repos/concentricsky/djenesis"
"448414","https://api.github.com/repos/Pylons/pyramid_tm"
"456655","https://api.github.com/repos/intalio/security"
"458061","https://api.github.com/repos/lizardsystem/lizard-progress"
"462902","https://api.github.com/repos/nuxeo/nuxeo-platform-importer"
"464556","https://api.github.com/repos/nature/safe_redirection"
"466871","https://api.github.com/repos/gocardless/gocardless-java"
"467731","https://api.github.com/repos/plexinc-plugins/Tested.bundle"
"468578","https://api.github.com/repos/NessComputing/components-ness-jdbc"
"468951","https://api.github.com/repos/NessComputing/components-ness-scopes"
"470111","https://api.github.com/repos/plone/plone.folder"
"475102","https://api.github.com/repos/alphagov/gem_publisher"
"476305","https://api.github.com/repos/seomoz/linkscape-gem"
"476371","https://api.github.com/repos/racker/scrivener"
"477331","https://api.github.com/repos/okfn/ckanext-datahub"
"477510","https://api.github.com/repos/garaio/xapian_db"
"480009","https://api.github.com/repos/sot/cmd_states"
"481246","https://api.github.com/repos/estately/cookbooks"
"482001","https://api.github.com/repos/agworld/docsplit-server"
"483343","https://api.github.com/repos/alphagov/govuk_content_api"
"488606","https://api.github.com/repos/dimagi/django-soil"
"489159","https://api.github.com/repos/Sage-Bionetworks/synapsePythonClient"
"493013","https://api.github.com/repos/opscode-cookbooks/wix"
"496425","https://api.github.com/repos/rightscale/right_scraper"
"497205","https://api.github.com/repos/ctn-waterloo/nengo"
"507295","https://api.github.com/repos/intalio/bpms-common"
"508238","https://api.github.com/repos/mapserver/msautotest"
"508398","https://api.github.com/repos/collective/Products.Carousel"
"511754","https://api.github.com/repos/paulelliott/authem"
"513279","https://api.github.com/repos/rbonifacio/MMUnB"
"522727","https://api.github.com/repos/Jasig/JasigWidgetPortlets"
"523087","https://api.github.com/repos/stackmob/StackMob_Android"
"527152","https://api.github.com/repos/collective/collective.flowplayer"
"529986","https://api.github.com/repos/openSUSE/countdown.o.o"
"530450","https://api.github.com/repos/edgeware/gevent-thrift"
"530772","https://api.github.com/repos/dimagi/rapidsms-smsforms"
"531080","https://api.github.com/repos/twers/re-education"
"536179","https://api.github.com/repos/mozilla-metrics/telemetry-toolbox"
"536978","https://api.github.com/repos/everydayhero/gandalf"
"546037","https://api.github.com/repos/owncloud/android"
"550360","https://api.github.com/repos/SmartReceipt/vagrant_bootstrap"
"561722","https://api.github.com/repos/viki-org/viki-gem"
"565425","https://api.github.com/repos/alphagov/recommended-links"
"573742","https://api.github.com/repos/where/omg_pull_request"
"582636","https://api.github.com/repos/crowdint/crowdblog"
"586970","https://api.github.com/repos/dimagi/pathfinder-reports"
"587529","https://api.github.com/repos/fcrepo/trippi"
"588049","https://api.github.com/repos/pculture/babelsubs"
"599522","https://api.github.com/repos/zenoss/ZenPacks.zenoss.OpenStack"
"601023","https://api.github.com/repos/metamx/java-util"
"602154","https://api.github.com/repos/E2OpenPlugins/e2openplugin-SimpleUmount"
"613416","https://api.github.com/repos/lizardsystem/lizard-task"
"613554","https://api.github.com/repos/collective/templer.plone"
"614053","https://api.github.com/repos/mysociety/alaveteli"
"628032","https://api.github.com/repos/thoughtbot/shoulda-context"
"631739","https://api.github.com/repos/projectdx/capistrano-ext-projectdx"
"641837","https://api.github.com/repos/collective/collective.referencedatagridfield"
"642071","https://api.github.com/repos/collective/collective.panels"
"643805","https://api.github.com/repos/alphagov/feedback"
"644208","https://api.github.com/repos/Connexions/bamboo.scaffold"
"646241","https://api.github.com/repos/kickstarter/capistrano-hivequeen"
"647696","https://api.github.com/repos/awesomefoundation/awesomebits"
"649904","https://api.github.com/repos/E2OpenPlugins/e2openplugin-AutoShutDown"
"671878","https://api.github.com/repos/abiquo/aim-client-java"
"681729","https://api.github.com/repos/jenkinsci/cppcheck-plugin"
"685218","https://api.github.com/repos/collective/Products.PloneSoftwareCenter"
"692866","https://api.github.com/repos/ArcBees/GWTP"
"696536","https://api.github.com/repos/SeqWare/seqware"
"700803","https://api.github.com/repos/DawnScience/dawn-fable"
"704132","https://api.github.com/repos/collective/collective.lineage"
"706524","https://api.github.com/repos/TMXCredit/pg_power"
"707491","https://api.github.com/repos/litl/park"
"707937","https://api.github.com/repos/sonian/elasticsearch-zookeeper"
"710911","https://api.github.com/repos/thoughtbot/paperclip_demo"
"712822","https://api.github.com/repos/square/seismic"
"712930","https://api.github.com/repos/exoplatform/crowdin-maven-plugin"
"718075","https://api.github.com/repos/intalio/tempo-processes"
"721821","https://api.github.com/repos/sonatype/sisu"
"724822","https://api.github.com/repos/airbnb/cryo"
"724980","https://api.github.com/repos/collective/sc.contentrules.groupbydate"
"730573","https://api.github.com/repos/plone/plone.multilingual"
"731329","https://api.github.com/repos/nuxeo/nuxeo-dam"
"735311","https://api.github.com/repos/Identified/sensei-rb"
"735621","https://api.github.com/repos/where/cap-swallow"
"754226","https://api.github.com/repos/kaize/configus"
"759011","https://api.github.com/repos/4teamwork/ftw.billboard"
"760129","https://api.github.com/repos/collective/collective.generic.webbuilder"
"769427","https://api.github.com/repos/g5search/g5stars"
"777221","https://api.github.com/repos/alphagov/support"
"792243","https://api.github.com/repos/challengepost/activeasync"
"796148","https://api.github.com/repos/rubyftw/rubyftw.org"
"801441","https://api.github.com/repos/Activiti/Activiti"
"804523","https://api.github.com/repos/collective/dexterity.membrane"
"805498","https://api.github.com/repos/ceph/ceph-deploy"
"816585","https://api.github.com/repos/reevoo/reevoomark-java-api"
"821079","https://api.github.com/repos/edgeware/gevent-app"
"821610","https://api.github.com/repos/novagile/kitchen"
"823342","https://api.github.com/repos/fiksu/pg_application_name"
"823656","https://api.github.com/repos/dotCMS/plugin-XMLSiteMap"
"824649","https://api.github.com/repos/fiksu/pg_advisory_locker"
"824970","https://api.github.com/repos/SimTk/msmbuilder"
"825924","https://api.github.com/repos/unknown-horizons/unknown-horizons"
"827302","https://api.github.com/repos/hybridgroup/kidsrubyinstaller-debian"
"831964","https://api.github.com/repos/CyanogenMod/android_device_asus_tf700t"
"834289","https://api.github.com/repos/plone/plone.app.testing"
"834559","https://api.github.com/repos/everydayhero/deploy"
"838076","https://api.github.com/repos/kenu/and2022"
"840537","https://api.github.com/repos/trifork/dgws"
"849728","https://api.github.com/repos/guardian/subscriptions"
"849787","https://api.github.com/repos/lizardsystem/nensskel"
"857627","https://api.github.com/repos/square/dagger"
"858413","https://api.github.com/repos/mulesoft/sqs-connector"
"858850","https://api.github.com/repos/DataDog/dogstatsd-python"
"871649","https://api.github.com/repos/6fusion/adaptor-vmware"
"875095","https://api.github.com/repos/collective/collective.behavior.localdiazo"
"878519","https://api.github.com/repos/hhru/tornado"
"882004","https://api.github.com/repos/mulesoft/munit"
"896266","https://api.github.com/repos/spotify/luigi"
"899594","https://api.github.com/repos/akimboio/sleepy"
"913688","https://api.github.com/repos/mulesoft/mule-common"
"914064","https://api.github.com/repos/DataDog/documentation"
"914089","https://api.github.com/repos/twotoasters/HorizontalImageScroller-Android"
"919506","https://api.github.com/repos/plonegovbr/brasil.gov.barra"
"930566","https://api.github.com/repos/railsforcharity/spokenvote"
"931243","https://api.github.com/repos/liqd/adhocracy"
"937082","https://api.github.com/repos/lizardsystem/lizard-rainapp"
"940577","https://api.github.com/repos/Knewton/Ford"
"944137","https://api.github.com/repos/mapmyfitness/python-zuora"
"954476","https://api.github.com/repos/Singly/singly-android"
"954912","https://api.github.com/repos/metamx/http-client"
"955324","https://api.github.com/repos/orcasgit/django-fitbit"
"956098","https://api.github.com/repos/autotest/virt-test"
"961358","https://api.github.com/repos/jubatus/jubatus-python-client"
"968116","https://api.github.com/repos/ox-it/django-webauth"
"972779","https://api.github.com/repos/RusticiSoftware/CheddarClient"
"978319","https://api.github.com/repos/perfectsense/dari"
"978965","https://api.github.com/repos/perfectsense/brightspot-cms"
"984166","https://api.github.com/repos/zaarly/rack-key_value_logger"
"990455","https://api.github.com/repos/pbs/django-cms-dbtemplates"
"994784","https://api.github.com/repos/unepwcmc/urmp"
"1008127","https://api.github.com/repos/pennappslabs/penncoursereview-sdk-python"
"1017482","https://api.github.com/repos/seomoz/linkscape-py"
"1020818","https://api.github.com/repos/uken/rails-emoji"
"1026562","https://api.github.com/repos/8thlight/artisan_api"
"1039978","https://api.github.com/repos/Connexions/rhaptos2.user"
"1042189","https://api.github.com/repos/mozilla/webpay"
"1088384","https://api.github.com/repos/MediaSapiens/flamaster"
"1097375","https://api.github.com/repos/mozilla-services/wimms"
"1199766","https://api.github.com/repos/iGoDigital-LLC/stages"
"1292559","https://api.github.com/repos/owncloud/documentation"
"1344612","https://api.github.com/repos/scikit-image/scikit-image"
"1344878","https://api.github.com/repos/opscode/chef-docs"
"1345655","https://api.github.com/repos/austinbv/dino"
"1347553","https://api.github.com/repos/openshift/origin-server"
"1350393","https://api.github.com/repos/metamx/druid"
"1358732","https://api.github.com/repos/qiime/qiime"
"1363086","https://api.github.com/repos/yammer/sched.do"
"1364863","https://api.github.com/repos/intuit/simple_deploy"
"1366147","https://api.github.com/repos/neo4j/neo4j"
"1366976","https://api.github.com/repos/LiveRamp/hank"
"1369701","https://api.github.com/repos/ContinuumIO/conda"
"1378066","https://api.github.com/repos/andrew/24pullrequests"
"1381021","https://api.github.com/repos/gitlabhq/gitlab-ci"
"1392964","https://api.github.com/repos/kijiproject/kijiproject.github.com"
"1397979","https://api.github.com/repos/aws/aws-sdk-ruby"
"1403672","https://api.github.com/repos/menro/NewTech"
"1412520","https://api.github.com/repos/4teamwork/project-buildout"
"1413489","https://api.github.com/repos/SonarCommunity/sonar-l10n-pt"
"1420893","https://api.github.com/repos/nuxeo/NuxeoTraining"
"1433342","https://api.github.com/repos/4teamwork/ftw.contentpage"
"1444617","https://api.github.com/repos/modcloth/git-duet"
"1467501","https://api.github.com/repos/PagerDuty/chef-sumologic"
"1470777","https://api.github.com/repos/RusticiSoftware/SCORMCloud_JavaLibrary"
"1482801","https://api.github.com/repos/zilverline/google-maps"
"1492028","https://api.github.com/repos/Samfundet/Bedpres"
"1500216","https://api.github.com/repos/dimagi/hutch"
"1501197","https://api.github.com/repos/VoltDB/voltdb-labs"
"1502958","https://api.github.com/repos/4teamwork/ftw.participation"
"1503167","https://api.github.com/repos/endosnipe/ENdoSnipe"
"1504740","https://api.github.com/repos/Connexions/webview"
"1517998","https://api.github.com/repos/plivo/plivo-java"
"1518624","https://api.github.com/repos/neopoly/rubyfox-sfsobject"
"1519480","https://api.github.com/repos/dimagi/email-reports"
"1528579","https://api.github.com/repos/cgdolan/21M359Fall2012"
"1533497","https://api.github.com/repos/mulesoft/google-connectors-suite"
"1543354","https://api.github.com/repos/everydayhero/omniauth-passport"
"1545591","https://api.github.com/repos/opf/openproject"
"1589076","https://api.github.com/repos/wistia/myna_bird"
"1592080","https://api.github.com/repos/jubatus/jubatus-tutorial-python"
"1611658","https://api.github.com/repos/mozilla/MakeAPI"
"1629727","https://api.github.com/repos/manilla/sslackey"
"1639388","https://api.github.com/repos/Bigpoint/icinga"
"1666668","https://api.github.com/repos/plone/plone.registry"
"1686129","https://api.github.com/repos/plataformatec/faraday-http-cache"
"1711636","https://api.github.com/repos/dianping/cat"
"1722714","https://api.github.com/repos/intensol-limited/socnetapi"
"1756850","https://api.github.com/repos/Alfresco/alfresco-android-app"
"1803672","https://api.github.com/repos/mulesoft/mule"
"1863670","https://api.github.com/repos/jsr107/jsr107tck"
"1877241","https://api.github.com/repos/lovelysystems/lovely.testlayers"
"1880515","https://api.github.com/repos/4teamwork/ftw.contentmenu"
"1880551","https://api.github.com/repos/4teamwork/ftw.contenttemplates"
"1880579","https://api.github.com/repos/4teamwork/ftw.dashboard.portlets.favourites"
"1881383","https://api.github.com/repos/4teamwork/ftw.dictstorage"
"1881396","https://api.github.com/repos/4teamwork/ftw.globalstatusmessage"
"1881412","https://api.github.com/repos/4teamwork/ftw.publisher.core"
"1893371","https://api.github.com/repos/sonatype/nexus-unpack-plugin"
"1894598","https://api.github.com/repos/collective/collective.xmpp.buildout"
"1912872","https://api.github.com/repos/aws/aws-cli"
"1918272","https://api.github.com/repos/4teamwork/ftw.testing"
"1918362","https://api.github.com/repos/4teamwork/ftw.tagging"
"1919260","https://api.github.com/repos/mysociety/django-jumpstart"
"1922523","https://api.github.com/repos/balanced/balanced-docs"
"1937717","https://api.github.com/repos/4teamwork/simplelayout.portlet.dropzone"
"1938026","https://api.github.com/repos/okfn/ckanext-iati"
"1938308","https://api.github.com/repos/pbs/cmsplugin-feed"
"1940211","https://api.github.com/repos/Parsely/pminifier"
"1946145","https://api.github.com/repos/bengler/vanilla"
"1947336","https://api.github.com/repos/m3dev/curly"
"1951911","https://api.github.com/repos/SCS-hackers-group/Concordia-Shuttle-Bus-App"
"1966375","https://api.github.com/repos/clearpath-networks/apiomatic"
"1967265","https://api.github.com/repos/CodeMontageHQ/codemontage"
"1989295","https://api.github.com/repos/collective/collective.usermanual"
"1989677","https://api.github.com/repos/pentaho/pentaho-platform"
"2291113","https://api.github.com/repos/pentaho/pentaho-reporting"
"2294498","https://api.github.com/repos/lisa-lab/pylearn2"
"2297846","https://api.github.com/repos/locomote/gusteau"
"2328482","https://api.github.com/repos/VincentDubois/Web1"
"2355773","https://api.github.com/repos/heroku/vault-test-tools"
"2367064","https://api.github.com/repos/asciidoctor/asciidoctor"
"2369446","https://api.github.com/repos/DirectEmployers/MyJobs"
"2377334","https://api.github.com/repos/forcedotcom/phoenix"
"2466155","https://api.github.com/repos/cubesystems/releaf"
"2488944","https://api.github.com/repos/Netflix/RxJava"
"2499569","https://api.github.com/repos/sricola/socode"
"2562051","https://api.github.com/repos/embs/gaming"
"2565868","https://api.github.com/repos/futures/fcrepo4"
"2783561","https://api.github.com/repos/square/sq-dbsync"
"2892743","https://api.github.com/repos/Tribler/tribler"
"2909103","https://api.github.com/repos/praekelt/vumi-go"
"2932791","https://api.github.com/repos/Netflix/denominator"
"2951736","https://api.github.com/repos/sijbrandij/railsgirls-nl"
"3052226","https://api.github.com/repos/edx/XBlock"
"3055228","https://api.github.com/repos/Parquet/parquet-mr"
"3056066","https://api.github.com/repos/ruby/www.ruby-lang.org"
"3056652","https://api.github.com/repos/gittip/www.gittip.com"
"3074577","https://api.github.com/repos/RiotGames/ridley"
"3082691","https://api.github.com/repos/infinispan/infinispan-server"
"3100785","https://api.github.com/repos/aaronjosephs/BTV_project"
"3105682","https://api.github.com/repos/camptocamp/c2cgeoportal"
"3109958","https://api.github.com/repos/ajorgesantosp/EAPLI_PL_2DB"
"3110119","https://api.github.com/repos/alphagov/backdrop"
"3213962","https://api.github.com/repos/rackerlabs/stacktach"
"3216686","https://api.github.com/repos/rackerlabs/repose"
"3219077","https://api.github.com/repos/learningequality/ka-lite"
"3219349","https://api.github.com/repos/ciudadanointeligente/write-it"
"3219543","https://api.github.com/repos/floodlight/loxigen"
"3221623","https://api.github.com/repos/silps/solesite"
"3263294","https://api.github.com/repos/hylang/hy"
"3392286","https://api.github.com/repos/lumoslabs/silverpop_client"
"3411703","https://api.github.com/repos/projecthydra/sufia"
"3604984","https://api.github.com/repos/mdsol/crichton"
"3644351","https://api.github.com/repos/10gen-labs/mongo-web-shell"
"3821279","https://api.github.com/repos/zanata/zanata-server"
"3825551","https://api.github.com/repos/bundler/bundler"
"3929150","https://api.github.com/repos/octokit/octokit.rb"
"3963440","https://api.github.com/repos/rackerlabs/otter"
"4042784","https://api.github.com/repos/bitbar/testdroid-api"
"4348743","https://api.github.com/repos/Mirantis/fuel"
"4385919","https://api.github.com/repos/azavea/OTM2"
"4429401","https://api.github.com/repos/berkmancenter/chillingeffects"
"4571553","https://api.github.com/repos/playframework/play1"
"4616106","https://api.github.com/repos/aipocom/aipo"
"4835098","https://api.github.com/repos/mysociety/pombola"
